-- phpMyAdmin SQL Dump
-- version 4.5.1
-- http://www.phpmyadmin.net
--
-- Host: 172.18.20.138
-- Generation Time: Aug 26, 2016 at 08:15 PM
-- Server version: 10.1.13-MariaDB
-- PHP Version: 5.6.23

SET SQL_MODE = "NO_AUTO_VALUE_ON_ZERO";
SET time_zone = "+00:00";


/*!40101 SET @OLD_CHARACTER_SET_CLIENT=@@CHARACTER_SET_CLIENT */;
/*!40101 SET @OLD_CHARACTER_SET_RESULTS=@@CHARACTER_SET_RESULTS */;
/*!40101 SET @OLD_COLLATION_CONNECTION=@@COLLATION_CONNECTION */;
/*!40101 SET NAMES utf8mb4 */;

--
-- Database: `eleccionesmunicipales`
--

-- --------------------------------------------------------

--
-- Table structure for table `wp_termmeta`
--

CREATE TABLE `wp_termmeta` (
  `meta_id` bigint(20) UNSIGNED NOT NULL,
  `term_id` bigint(20) UNSIGNED NOT NULL DEFAULT '0',
  `meta_key` varchar(255) COLLATE utf8mb4_unicode_ci DEFAULT NULL,
  `meta_value` longtext COLLATE utf8mb4_unicode_ci
) ENGINE=InnoDB DEFAULT CHARSET=utf8mb4 COLLATE=utf8mb4_unicode_ci;

-- --------------------------------------------------------

--
-- Table structure for table `wp_terms`
--

CREATE TABLE `wp_terms` (
  `term_id` bigint(20) UNSIGNED NOT NULL,
  `name` varchar(200) COLLATE utf8mb4_unicode_ci NOT NULL DEFAULT '',
  `slug` varchar(200) COLLATE utf8mb4_unicode_ci NOT NULL DEFAULT '',
  `term_group` bigint(10) NOT NULL DEFAULT '0'
) ENGINE=InnoDB DEFAULT CHARSET=utf8mb4 COLLATE=utf8mb4_unicode_ci;

--
-- Dumping data for table `wp_terms`
--

INSERT INTO `wp_terms` (`term_id`, `name`, `slug`, `term_group`) VALUES
(1, 'Sin categoría', 'sin-categoria', 0),
(7733, 'Tarapacá', 'reg-tarapaca', 0),
(7734, 'Iquique', 'prov-iquique', 0),
(7735, 'Iquique', 'com-iquique', 0),
(7736, 'Alto Hospicio', 'com-alto-hospicio', 0),
(7737, 'Tamarugal', 'prov-tamarugal', 0),
(7738, 'Pozo Almonte', 'com-pozo-almonte', 0),
(7739, 'Camiña', 'com-camina', 0),
(7740, 'Colchane', 'com-colchane', 0),
(7741, 'Huara', 'com-huara', 0),
(7742, 'Pica', 'com-pica', 0),
(7743, 'Antofagasta', 'reg-antofagasta', 0),
(7744, 'Antofagasta', 'prov-antofagasta', 0),
(7745, 'Antofagasta', 'com-antofagasta', 0),
(7746, 'Mejillones', 'com-mejillones', 0),
(7747, 'Sierra Gorda', 'com-sierra-gorda', 0),
(7748, 'Taltal', 'com-taltal', 0),
(7749, 'El Loa', 'prov-el-loa', 0),
(7750, 'Calama', 'com-calama', 0),
(7751, 'Ollagüe', 'com-ollague', 0),
(7752, 'San Pedro de Atacama', 'com-san-pedro-de-atacama', 0),
(7753, 'Tocopilla', 'prov-tocopilla', 0),
(7754, 'Tocopilla', 'com-tocopilla', 0),
(7755, 'María Elena', 'com-maria-elena', 0),
(7756, 'Atacama', 'reg-atacama', 0),
(7757, 'Copiapó', 'prov-copiapo', 0),
(7758, 'Copiapó', 'com-copiapo', 0),
(7759, 'Caldera', 'com-caldera', 0),
(7760, 'Tierra Amarilla', 'com-tierra-amarilla', 0),
(7761, 'Chañaral', 'prov-chanaral', 0),
(7762, 'Chañaral', 'com-chanaral', 0),
(7763, 'Diego de Almagro', 'com-diego-de-almagro', 0),
(7764, 'Huasco', 'prov-huasco', 0),
(7765, 'Vallenar', 'com-vallenar', 0),
(7766, 'Alto del Carmen', 'com-alto-del-carmen', 0),
(7767, 'Freirina', 'com-freirina', 0),
(7768, 'Huasco', 'com-huasco', 0),
(7769, 'Coquimbo', 'reg-coquimbo', 0),
(7770, 'Elqui', 'prov-elqui', 0),
(7771, 'La Serena', 'com-la-serena', 0),
(7772, 'Coquimbo', 'com-coquimbo', 0),
(7773, 'Andacollo', 'com-andacollo', 0),
(7774, 'La Higuera', 'com-la-higuera', 0),
(7775, 'Paihuano', 'com-paihuano', 0),
(7776, 'Vicuña', 'com-vicuna', 0),
(7777, 'Choapa', 'prov-choapa', 0),
(7778, 'Illapel', 'com-illapel', 0),
(7779, 'Canela', 'com-canela', 0),
(7780, 'Los Vilos', 'com-los-vilos', 0),
(7781, 'Salamanca', 'com-salamanca', 0),
(7782, 'Limarí', 'prov-limari', 0),
(7783, 'Ovalle', 'com-ovalle', 0),
(7784, 'Combarbalá', 'com-combarbala', 0),
(7785, 'Monte Patria', 'com-monte-patria', 0),
(7786, 'Punitaqui', 'com-punitaqui', 0),
(7787, 'Río Hurtado', 'com-rio-hurtado', 0),
(7788, 'Valparaíso', 'reg-valparaiso', 0),
(7789, 'Valparaíso', 'prov-valparaiso', 0),
(7790, 'Valparaíso', 'com-valparaiso', 0),
(7791, 'Casablanca', 'com-casablanca', 0),
(7792, 'Concón', 'com-concon', 0),
(7793, 'Juan Fernández', 'com-juan-fernandez', 0),
(7794, 'Puchuncaví', 'com-puchuncavi', 0),
(7795, 'Quintero', 'com-quintero', 0),
(7796, 'Viña del Mar', 'com-vina-del-mar', 0),
(7797, 'Isla de Pascua', 'prov-isla-de-pascua', 0),
(7798, 'Isla de Pascua', 'com-isla-de-pascua', 0),
(7799, 'Los Andes', 'prov-los-andes', 0),
(7800, 'Los Andes', 'com-los-andes', 0),
(7801, 'Calle Larga', 'com-calle-larga', 0),
(7802, 'Rinconada', 'com-rinconada', 0),
(7803, 'San Esteban', 'com-san-esteban', 0),
(7804, 'Petorca', 'prov-petorca', 0),
(7805, 'La Ligua', 'com-la-ligua', 0),
(7806, 'Cabildo', 'com-cabildo', 0),
(7807, 'Papudo', 'com-papudo', 0),
(7808, 'Petorca', 'com-petorca', 0),
(7809, 'Zapallar', 'com-zapallar', 0),
(7810, 'Quillota', 'prov-quillota', 0),
(7811, 'Quillota', 'com-quillota', 0),
(7812, 'La Calera', 'com-la-calera', 0),
(7813, 'Hijuelas', 'com-hijuelas', 0),
(7814, 'La Cruz', 'com-la-cruz', 0),
(7815, 'Nogales', 'com-nogales', 0),
(7816, 'San Antonio', 'prov-san-antonio', 0),
(7817, 'San Antonio', 'com-san-antonio', 0),
(7818, 'Algarrobo', 'com-algarrobo', 0),
(7819, 'Cartagena', 'com-cartagena', 0),
(7820, 'El Quisco', 'com-el-quisco', 0),
(7821, 'El Tabo', 'com-el-tabo', 0),
(7822, 'Santo Domingo', 'com-santo-domingo', 0),
(7823, 'San Felipe de Aconcagua', 'prov-san-felipe-de-aconcagua', 0),
(7824, 'San Felipe', 'com-san-felipe', 0),
(7825, 'Catemu', 'com-catemu', 0),
(7826, 'Llay Llay', 'com-llay-llay', 0),
(7827, 'Panquehue', 'com-panquehue', 0),
(7828, 'Putaendo', 'com-putaendo', 0),
(7829, 'Santa María', 'com-santa-maria', 0),
(7830, 'Marga Marga', 'prov-marga-marga', 0),
(7831, 'Quilpué', 'com-quilpue', 0),
(7832, 'Limache', 'com-limache', 0),
(7833, 'Olmué', 'com-olmue', 0),
(7834, 'Villa Alemana', 'com-villa-alemana', 0),
(7835, 'Región del Libertador Gral. Bernardo O’Higgins', 'reg-region-del-libertador-gra', 0),
(7836, 'Cachapoal', 'prov-cachapoal', 0),
(7837, 'Rancagua', 'com-rancagua', 0),
(7838, 'Codegua', 'com-codegua', 0),
(7839, 'Coinco', 'com-coinco', 0),
(7840, 'Coltauco', 'com-coltauco', 0),
(7841, 'Doñihue', 'com-donihue', 0),
(7842, 'Graneros', 'com-graneros', 0),
(7843, 'Las Cabras', 'com-las-cabras', 0),
(7844, 'Machalí', 'com-machali', 0),
(7845, 'Malloa', 'com-malloa', 0),
(7846, 'Mostazal', 'com-mostazal', 0),
(7847, 'Olivar', 'com-olivar', 0),
(7848, 'Peumo', 'com-peumo', 0),
(7849, 'Pichidegua', 'com-pichidegua', 0),
(7850, 'Quinta de Tilcoco', 'com-quinta-de-tilcoco', 0),
(7851, 'Rengo', 'com-rengo', 0),
(7852, 'Requínoa', 'com-requinoa', 0),
(7853, 'San Vicente', 'com-san-vicente', 0),
(7854, 'Cardenal Caro', 'prov-cardenal-caro', 0),
(7855, 'Pichilemu', 'com-pichilemu', 0),
(7856, 'La Estrella', 'com-la-estrella', 0),
(7857, 'Litueche', 'com-litueche', 0),
(7858, 'Marchihue', 'com-marchihue', 0),
(7859, 'Navidad', 'com-navidad', 0),
(7860, 'Paredones', 'com-paredones', 0),
(7861, 'Colchagua', 'prov-colchagua', 0),
(7862, 'San Fernando', 'com-san-fernando', 0),
(7863, 'Chépica', 'com-chepica', 0),
(7864, 'Chimbarongo', 'com-chimbarongo', 0),
(7865, 'Lolol', 'com-lolol', 0),
(7866, 'Nancagua', 'com-nancagua', 0),
(7867, 'Palmilla', 'com-palmilla', 0),
(7868, 'Peralillo', 'com-peralillo', 0),
(7869, 'Placilla', 'com-placilla', 0),
(7870, 'Pumanque', 'com-pumanque', 0),
(7871, 'Santa Cruz', 'com-santa-cruz', 0),
(7872, 'Región del Maule', 'reg-region-del-maule', 0),
(7873, 'Talca', 'prov-talca', 0),
(7874, 'Talca', 'com-talca', 0),
(7875, 'Constitución', 'com-constitucion', 0),
(7876, 'Curepto', 'com-curepto', 0),
(7877, 'Empedrado', 'com-empedrado', 0),
(7878, 'Maule', 'com-maule', 0),
(7879, 'Pelarco', 'com-pelarco', 0),
(7880, 'Pencahue', 'com-pencahue', 0),
(7881, 'Río Claro', 'com-rio-claro', 0),
(7882, 'San Clemente', 'com-san-clemente', 0),
(7883, 'San Rafael', 'com-san-rafael', 0),
(7884, 'Cauquenes', 'prov-cauquenes', 0),
(7885, 'Cauquenes', 'com-cauquenes', 0),
(7886, 'Chanco', 'com-chanco', 0),
(7887, 'Pelluhue', 'com-pelluhue', 0),
(7888, 'Curicó', 'prov-curico', 0),
(7889, 'Curicó', 'com-curico', 0),
(7890, 'Hualañé', 'com-hualane', 0),
(7891, 'Licantén', 'com-licanten', 0),
(7892, 'Molina', 'com-molina', 0),
(7893, 'Rauco', 'com-rauco', 0),
(7894, 'Romeral', 'com-romeral', 0),
(7895, 'Sagrada Familia', 'com-sagrada-familia', 0),
(7896, 'Teno', 'com-teno', 0),
(7897, 'Vichuquén', 'com-vichuquen', 0),
(7898, 'Linares', 'prov-linares', 0),
(7899, 'Linares', 'com-linares', 0),
(7900, 'Colbún', 'com-colbun', 0),
(7901, 'Longaví', 'com-longavi', 0),
(7902, 'Parral', 'com-parral', 0),
(7903, 'Retiro', 'com-retiro', 0),
(7904, 'San Javier', 'com-san-javier', 0),
(7905, 'Villa Alegre', 'com-villa-alegre', 0),
(7906, 'Yerbas Buenas', 'com-yerbas-buenas', 0),
(7907, 'Región del Biobío', 'reg-region-del-biobio', 0),
(7908, 'Concepción', 'prov-concepcion', 0),
(7909, 'Concepción', 'com-concepcion', 0),
(7910, 'Coronel', 'com-coronel', 0),
(7911, 'Chiguayante', 'com-chiguayante', 0),
(7912, 'Florida', 'com-florida', 0),
(7913, 'Hualqui', 'com-hualqui', 0),
(7914, 'Lota', 'com-lota', 0),
(7915, 'Penco', 'com-penco', 0),
(7916, 'San Pedro de la Paz', 'com-san-pedro-de-la-paz', 0),
(7917, 'Santa Juana', 'com-santa-juana', 0),
(7918, 'Talcahuano', 'com-talcahuano', 0),
(7919, 'Tomé', 'com-tome', 0),
(7920, 'Hualpén', 'com-hualpen', 0),
(7921, 'Arauco', 'prov-arauco', 0),
(7922, 'Lebu', 'com-lebu', 0),
(7923, 'Arauco', 'com-arauco', 0),
(7924, 'Cañete', 'com-canete', 0),
(7925, 'Contulmo', 'com-contulmo', 0),
(7926, 'Curanilahue', 'com-curanilahue', 0),
(7927, 'Los Álamos', 'com-los-alamos', 0),
(7928, 'Tirúa', 'com-tirua', 0),
(7929, 'Biobío', 'prov-biobio', 0),
(7930, 'Los Ángeles', 'com-los-angeles', 0),
(7931, 'Antuco', 'com-antuco', 0),
(7932, 'Cabrero', 'com-cabrero', 0),
(7933, 'Laja', 'com-laja', 0),
(7934, 'Mulchén', 'com-mulchen', 0),
(7935, 'Nacimiento', 'com-nacimiento', 0),
(7936, 'Negrete', 'com-negrete', 0),
(7937, 'Quilaco', 'com-quilaco', 0),
(7938, 'Quilleco', 'com-quilleco', 0),
(7939, 'San Rosendo', 'com-san-rosendo', 0),
(7940, 'Santa Bárbara', 'com-santa-barbara', 0),
(7941, 'Tucapel', 'com-tucapel', 0),
(7942, 'Yumbel', 'com-yumbel', 0),
(7943, 'Alto Biobío', 'com-alto-biobio', 0),
(7944, 'Ñuble', 'prov-nuble', 0),
(7945, 'Chillán', 'com-chillan', 0),
(7946, 'Bulnes', 'com-bulnes', 0),
(7947, 'Cobquecura', 'com-cobquecura', 0),
(7948, 'Coelemu', 'com-coelemu', 0),
(7949, 'Coihueco', 'com-coihueco', 0),
(7950, 'Chillán Viejo', 'com-chillan-viejo', 0),
(7951, 'El Carmen', 'com-el-carmen', 0),
(7952, 'Ninhue', 'com-ninhue', 0),
(7953, 'Ñiquén', 'com-niquen', 0),
(7954, 'Pemuco', 'com-pemuco', 0),
(7955, 'Pinto', 'com-pinto', 0),
(7956, 'Portezuelo', 'com-portezuelo', 0),
(7957, 'Quillón', 'com-quillon', 0),
(7958, 'Quirihue', 'com-quirihue', 0),
(7959, 'Ránquil', 'com-ranquil', 0),
(7960, 'San Carlos', 'com-san-carlos', 0),
(7961, 'San Fabián', 'com-san-fabian', 0),
(7962, 'San Ignacio', 'com-san-ignacio', 0),
(7963, 'San Nicolás', 'com-san-nicolas', 0),
(7964, 'Treguaco', 'com-treguaco', 0),
(7965, 'Yungay', 'com-yungay', 0),
(7966, 'Región de la Araucanía', 'reg-region-de-la-araucania', 0),
(7967, 'Cautín', 'prov-cautin', 0),
(7968, 'Temuco', 'com-temuco', 0),
(7969, 'Carahue', 'com-carahue', 0),
(7970, 'Cunco', 'com-cunco', 0),
(7971, 'Curarrehue', 'com-curarrehue', 0),
(7972, 'Freire', 'com-freire', 0),
(7973, 'Galvarino', 'com-galvarino', 0),
(7974, 'Gorbea', 'com-gorbea', 0),
(7975, 'Lautaro', 'com-lautaro', 0),
(7976, 'Loncoche', 'com-loncoche', 0),
(7977, 'Melipeuco', 'com-melipeuco', 0),
(7978, 'Nueva Imperial', 'com-nueva-imperial', 0),
(7979, 'Padre las Casas', 'com-padre-las-casas', 0),
(7980, 'Perquenco', 'com-perquenco', 0),
(7981, 'Pitrufquén', 'com-pitrufquen', 0),
(7982, 'Pucón', 'com-pucon', 0),
(7983, 'Saavedra', 'com-saavedra', 0),
(7984, 'Teodoro Schmidt', 'com-teodoro-schmidt', 0),
(7985, 'Toltén', 'com-tolten', 0),
(7986, 'Vilcún', 'com-vilcun', 0),
(7987, 'Villarrica', 'com-villarrica', 0),
(7988, 'Cholchol', 'com-cholchol', 0),
(7989, 'Malleco', 'prov-malleco', 0),
(7990, 'Angol', 'com-angol', 0),
(7991, 'Collipulli', 'com-collipulli', 0),
(7992, 'Curacautín', 'com-curacautin', 0),
(7993, 'Ercilla', 'com-ercilla', 0),
(7994, 'Lonquimay', 'com-lonquimay', 0),
(7995, 'Los Sauces', 'com-los-sauces', 0),
(7996, 'Lumaco', 'com-lumaco', 0),
(7997, 'Purén', 'com-puren', 0),
(7998, 'Renaico', 'com-renaico', 0),
(7999, 'Traiguén', 'com-traiguen', 0),
(8000, 'Victoria', 'com-victoria', 0),
(8001, 'Región de Los Lagos', 'reg-region-de-los-lagos', 0),
(8002, 'Llanquihue', 'prov-llanquihue', 0),
(8003, 'Puerto Montt', 'com-puerto-montt', 0),
(8004, 'Calbuco', 'com-calbuco', 0),
(8005, 'Cochamó', 'com-cochamo', 0),
(8006, 'Fresia', 'com-fresia', 0),
(8007, 'Frutillar', 'com-frutillar', 0),
(8008, 'Los Muermos', 'com-los-muermos', 0),
(8009, 'Llanquihue', 'com-llanquihue', 0),
(8010, 'Maullín', 'com-maullin', 0),
(8011, 'Puerto Varas', 'com-puerto-varas', 0),
(8012, 'Chiloé', 'prov-chiloe', 0),
(8013, 'Castro', 'com-castro', 0),
(8014, 'Ancud', 'com-ancud', 0),
(8015, 'Chonchi', 'com-chonchi', 0),
(8016, 'Curaco de Vélez', 'com-curaco-de-velez', 0),
(8017, 'Dalcahue', 'com-dalcahue', 0),
(8018, 'Puqueldón', 'com-puqueldon', 0),
(8019, 'Queilén', 'com-queilen', 0),
(8020, 'Quellón', 'com-quellon', 0),
(8021, 'Quemchi', 'com-quemchi', 0),
(8022, 'Quinchao', 'com-quinchao', 0),
(8023, 'Osorno', 'prov-osorno', 0),
(8024, 'Osorno', 'com-osorno', 0),
(8025, 'Puerto Octay', 'com-puerto-octay', 0),
(8026, 'Purranque', 'com-purranque', 0),
(8027, 'Puyehue', 'com-puyehue', 0),
(8028, 'Río Negro', 'com-rio-negro', 0),
(8029, 'San Juan de la Costa', 'com-san-juan-de-la-costa', 0),
(8030, 'San Pablo', 'com-san-pablo', 0),
(8031, 'Palena', 'prov-palena', 0),
(8032, 'Chaitén', 'com-chaiten', 0),
(8033, 'Futaleufú', 'com-futaleufu', 0),
(8034, 'Hualaihué', 'com-hualaihue', 0),
(8035, 'Palena', 'com-palena', 0),
(8036, 'Región Aisén del Gral. Carlos Ibáñez del Campo', 'reg-region-aisen-del-gral-ca', 0),
(8037, 'Coyhaique', 'prov-coyhaique', 0),
(8038, 'Coyhaique', 'com-coyhaique', 0),
(8039, 'Lago Verde', 'com-lago-verde', 0),
(8040, 'Aisén', 'prov-aisen', 0),
(8041, 'Aysén', 'com-aysen', 0),
(8042, 'Cisnes', 'com-cisnes', 0),
(8043, 'Guaitecas', 'com-guaitecas', 0),
(8044, 'Capitán Prat', 'prov-capitan-prat', 0),
(8045, 'Cochrane', 'com-cochrane', 0),
(8046, 'O''Higgins', 'com-ohiggins', 0),
(8047, 'Tortel', 'com-tortel', 0),
(8048, 'General Carrera', 'prov-general-carrera', 0),
(8049, 'Chile Chico', 'com-chile-chico', 0),
(8050, 'Río Ibáñez', 'com-rio-ibanez', 0),
(8051, 'Región de Magallanes y de la Antártica Chilena', 'reg-region-de-magallanes-y-de', 0),
(8052, 'Magallanes', 'prov-magallanes', 0),
(8053, 'Punta Arenas', 'com-punta-arenas', 0),
(8054, 'Laguna Blanca', 'com-laguna-blanca', 0),
(8055, 'Río Verde', 'com-rio-verde', 0),
(8056, 'San Gregorio', 'com-san-gregorio', 0),
(8057, 'Antártica Chilena', 'prov-antartica-chilena', 0),
(8058, 'Cabo de Hornos', 'com-cabo-de-hornos', 0),
(8059, 'Antártica', 'com-antartica', 0),
(8060, 'Tierra del Fuego', 'prov-tierra-del-fuego', 0),
(8061, 'Porvenir', 'com-porvenir', 0),
(8062, 'Primavera', 'com-primavera', 0),
(8063, 'Timaukel', 'com-timaukel', 0),
(8064, 'Última Esperanza', 'prov-ultima-esperanza', 0),
(8065, 'Natales', 'com-natales', 0),
(8066, 'Torres del Paine', 'com-torres-del-paine', 0),
(8067, 'Región Metropolitana de Santiago', 'reg-region-metropolitana-de-s', 0),
(8068, 'Santiago', 'prov-santiago', 0),
(8069, 'Santiago', 'com-santiago', 0),
(8070, 'Cerrillos', 'com-cerrillos', 0),
(8071, 'Cerro Navia', 'com-cerro-navia', 0),
(8072, 'Conchalí', 'com-conchali', 0),
(8073, 'El Bosque', 'com-el-bosque', 0),
(8074, 'Estación Central', 'com-estacion-central', 0),
(8075, 'Huechuraba', 'com-huechuraba', 0),
(8076, 'Independencia', 'com-independencia', 0),
(8077, 'La Cisterna', 'com-la-cisterna', 0),
(8078, 'La Florida', 'com-la-florida', 0),
(8079, 'La Granja', 'com-la-granja', 0),
(8080, 'La Pintana', 'com-la-pintana', 0),
(8081, 'La Reina', 'com-la-reina', 0),
(8082, 'Las Condes', 'com-las-condes', 0),
(8083, 'Lo Barnechea', 'com-lo-barnechea', 0),
(8084, 'Lo Espejo', 'com-lo-espejo', 0),
(8085, 'Lo Prado', 'com-lo-prado', 0),
(8086, 'Macul', 'com-macul', 0),
(8087, 'Maipú', 'com-maipu', 0),
(8088, 'Ñuñoa', 'com-nunoa', 0),
(8089, 'Pedro Aguirre Cerda', 'com-pedro-aguirre-cerda', 0),
(8090, 'Peñalolén', 'com-penalolen', 0),
(8091, 'Providencia', 'com-providencia', 0),
(8092, 'Pudahuel', 'com-pudahuel', 0),
(8093, 'Quilicura', 'com-quilicura', 0),
(8094, 'Quinta Normal', 'com-quinta-normal', 0),
(8095, 'Recoleta', 'com-recoleta', 0),
(8096, 'Renca', 'com-renca', 0),
(8097, 'San Joaquín', 'com-san-joaquin', 0),
(8098, 'San Miguel', 'com-san-miguel', 0),
(8099, 'San Ramón', 'com-san-ramon', 0),
(8100, 'Vitacura', 'com-vitacura', 0),
(8101, 'Cordillera', 'prov-cordillera', 0),
(8102, 'Puente Alto', 'com-puente-alto', 0),
(8103, 'Pirque', 'com-pirque', 0),
(8104, 'San José de Maipo', 'com-san-jose-de-maipo', 0),
(8105, 'Chacabuco', 'prov-chacabuco', 0),
(8106, 'Colina', 'com-colina', 0),
(8107, 'Lampa', 'com-lampa', 0),
(8108, 'Tiltil', 'com-tiltil', 0),
(8109, 'Maipo', 'prov-maipo', 0),
(8110, 'San Bernardo', 'com-san-bernardo', 0),
(8111, 'Buin', 'com-buin', 0),
(8112, 'Calera de Tango', 'com-calera-de-tango', 0),
(8113, 'Paine', 'com-paine', 0),
(8114, 'Melipilla', 'prov-melipilla', 0),
(8115, 'Melipilla', 'com-melipilla', 0),
(8116, 'Alhué', 'com-alhue', 0),
(8117, 'Curacaví', 'com-curacavi', 0),
(8118, 'María Pinto', 'com-maria-pinto', 0),
(8119, 'San Pedro', 'com-san-pedro', 0),
(8120, 'Talagante', 'prov-talagante', 0),
(8121, 'Talagante', 'com-talagante', 0),
(8122, 'El Monte', 'com-el-monte', 0),
(8123, 'Isla de Maipo', 'com-isla-de-maipo', 0),
(8124, 'Padre Hurtado', 'com-padre-hurtado', 0),
(8125, 'Peñaflor', 'com-penaflor', 0),
(8126, 'Región de Los Ríos', 'reg-region-de-los-rios', 0),
(8127, 'Valdivia', 'prov-valdivia', 0),
(8128, 'Valdivia', 'com-valdivia', 0),
(8129, 'Corral', 'com-corral', 0),
(8130, 'Lanco', 'com-lanco', 0),
(8131, 'Los Lagos', 'com-los-lagos', 0),
(8132, 'Máfil', 'com-mafil', 0),
(8133, 'Mariquina', 'com-mariquina', 0),
(8134, 'Paillaco', 'com-paillaco', 0),
(8135, 'Panguipulli', 'com-panguipulli', 0),
(8136, 'Ranco', 'prov-ranco', 0),
(8137, 'La Unión', 'com-la-union', 0),
(8138, 'Futrono', 'com-futrono', 0),
(8139, 'Lago Ranco', 'com-lago-ranco', 0),
(8140, 'Río Bueno', 'com-rio-bueno', 0),
(8141, 'Arica y Parinacota', 'reg-arica-y-parinacota', 0),
(8142, 'Arica', 'prov-arica', 0),
(8143, 'Arica', 'com-arica', 0),
(8144, 'Camarones', 'com-camarones', 0),
(8145, 'Parinacota', 'prov-parinacota', 0),
(8146, 'Putre', 'com-putre', 0),
(8147, 'General Lagos', 'com-general-lagos', 0);

-- --------------------------------------------------------

--
-- Table structure for table `wp_term_relationships`
--

CREATE TABLE `wp_term_relationships` (
  `object_id` bigint(20) UNSIGNED NOT NULL DEFAULT '0',
  `term_taxonomy_id` bigint(20) UNSIGNED NOT NULL DEFAULT '0',
  `term_order` int(11) NOT NULL DEFAULT '0'
) ENGINE=InnoDB DEFAULT CHARSET=utf8mb4 COLLATE=utf8mb4_unicode_ci;

--
-- Dumping data for table `wp_term_relationships`
--

INSERT INTO `wp_term_relationships` (`object_id`, `term_taxonomy_id`, `term_order`) VALUES
(1, 1, 0),
(8, 7743, 0),
(8, 7744, 0),
(8, 7746, 0);

-- --------------------------------------------------------

--
-- Table structure for table `wp_term_taxonomy`
--

CREATE TABLE `wp_term_taxonomy` (
  `term_taxonomy_id` bigint(20) UNSIGNED NOT NULL,
  `term_id` bigint(20) UNSIGNED NOT NULL DEFAULT '0',
  `taxonomy` varchar(32) COLLATE utf8mb4_unicode_ci NOT NULL DEFAULT '',
  `description` longtext COLLATE utf8mb4_unicode_ci NOT NULL,
  `parent` bigint(20) UNSIGNED NOT NULL DEFAULT '0',
  `count` bigint(20) NOT NULL DEFAULT '0'
) ENGINE=InnoDB DEFAULT CHARSET=utf8mb4 COLLATE=utf8mb4_unicode_ci;

--
-- Dumping data for table `wp_term_taxonomy`
--

INSERT INTO `wp_term_taxonomy` (`term_taxonomy_id`, `term_id`, `taxonomy`, `description`, `parent`, `count`) VALUES
(1, 1, 'category', '', 0, 1),
(7733, 7733, 'category', 'Región de Tarapacá', 0, 0),
(7734, 7734, 'category', 'Provincia de Iquique', 7733, 0),
(7735, 7735, 'category', 'Comuna de Iquique', 7734, 0),
(7736, 7736, 'category', 'Comuna de Alto Hospicio', 7734, 0),
(7737, 7737, 'category', 'Provincia de Tamarugal', 7733, 0),
(7738, 7738, 'category', 'Comuna de Pozo Almonte', 7737, 0),
(7739, 7739, 'category', 'Comuna de Camiña', 7737, 0),
(7740, 7740, 'category', 'Comuna de Colchane', 7737, 0),
(7741, 7741, 'category', 'Comuna de Huara', 7737, 0),
(7742, 7742, 'category', 'Comuna de Pica', 7737, 0),
(7743, 7743, 'category', 'Región de Antofagasta', 0, 0),
(7744, 7744, 'category', 'Provincia de Antofagasta', 7743, 0),
(7745, 7745, 'category', 'Comuna de Antofagasta', 7744, 0),
(7746, 7746, 'category', 'Comuna de Mejillones', 7744, 0),
(7747, 7747, 'category', 'Comuna de Sierra Gorda', 7744, 0),
(7748, 7748, 'category', 'Comuna de Taltal', 7744, 0),
(7749, 7749, 'category', 'Provincia de El Loa', 7743, 0),
(7750, 7750, 'category', 'Comuna de Calama', 7749, 0),
(7751, 7751, 'category', 'Comuna de Ollagüe', 7749, 0),
(7752, 7752, 'category', 'Comuna de San Pedro de Atacama', 7749, 0),
(7753, 7753, 'category', 'Provincia de Tocopilla', 7743, 0),
(7754, 7754, 'category', 'Comuna de Tocopilla', 7753, 0),
(7755, 7755, 'category', 'Comuna de María Elena', 7753, 0),
(7756, 7756, 'category', 'Región de Atacama', 0, 0),
(7757, 7757, 'category', 'Provincia de Copiapó', 7756, 0),
(7758, 7758, 'category', 'Comuna de Copiapó', 7757, 0),
(7759, 7759, 'category', 'Comuna de Caldera', 7757, 0),
(7760, 7760, 'category', 'Comuna de Tierra Amarilla', 7757, 0),
(7761, 7761, 'category', 'Provincia de Chañaral', 7756, 0),
(7762, 7762, 'category', 'Comuna de Chañaral', 7761, 0),
(7763, 7763, 'category', 'Comuna de Diego de Almagro', 7761, 0),
(7764, 7764, 'category', 'Provincia de Huasco', 7756, 0),
(7765, 7765, 'category', 'Comuna de Vallenar', 7764, 0),
(7766, 7766, 'category', 'Comuna de Alto del Carmen', 7764, 0),
(7767, 7767, 'category', 'Comuna de Freirina', 7764, 0),
(7768, 7768, 'category', 'Comuna de Huasco', 7764, 0),
(7769, 7769, 'category', 'Región de Coquimbo', 0, 0),
(7770, 7770, 'category', 'Provincia de Elqui', 7769, 0),
(7771, 7771, 'category', 'Comuna de La Serena', 7770, 0),
(7772, 7772, 'category', 'Comuna de Coquimbo', 7770, 0),
(7773, 7773, 'category', 'Comuna de Andacollo', 7770, 0),
(7774, 7774, 'category', 'Comuna de La Higuera', 7770, 0),
(7775, 7775, 'category', 'Comuna de Paihuano', 7770, 0),
(7776, 7776, 'category', 'Comuna de Vicuña', 7770, 0),
(7777, 7777, 'category', 'Provincia de Choapa', 7769, 0),
(7778, 7778, 'category', 'Comuna de Illapel', 7777, 0),
(7779, 7779, 'category', 'Comuna de Canela', 7777, 0),
(7780, 7780, 'category', 'Comuna de Los Vilos', 7777, 0),
(7781, 7781, 'category', 'Comuna de Salamanca', 7777, 0),
(7782, 7782, 'category', 'Provincia de Limarí', 7769, 0),
(7783, 7783, 'category', 'Comuna de Ovalle', 7782, 0),
(7784, 7784, 'category', 'Comuna de Combarbalá', 7782, 0),
(7785, 7785, 'category', 'Comuna de Monte Patria', 7782, 0),
(7786, 7786, 'category', 'Comuna de Punitaqui', 7782, 0),
(7787, 7787, 'category', 'Comuna de Río Hurtado', 7782, 0),
(7788, 7788, 'category', 'Región de Valparaíso', 0, 0),
(7789, 7789, 'category', 'Provincia de Valparaíso', 7788, 0),
(7790, 7790, 'category', 'Comuna de Valparaíso', 7789, 0),
(7791, 7791, 'category', 'Comuna de Casablanca', 7789, 0),
(7792, 7792, 'category', 'Comuna de Concón', 7789, 0),
(7793, 7793, 'category', 'Comuna de Juan Fernández', 7789, 0),
(7794, 7794, 'category', 'Comuna de Puchuncaví', 7789, 0),
(7795, 7795, 'category', 'Comuna de Quintero', 7789, 0),
(7796, 7796, 'category', 'Comuna de Viña del Mar', 7789, 0),
(7797, 7797, 'category', 'Provincia de Isla de Pascua', 7788, 0),
(7798, 7798, 'category', 'Comuna de Isla de Pascua', 7797, 0),
(7799, 7799, 'category', 'Provincia de Los Andes', 7788, 0),
(7800, 7800, 'category', 'Comuna de Los Andes', 7799, 0),
(7801, 7801, 'category', 'Comuna de Calle Larga', 7799, 0),
(7802, 7802, 'category', 'Comuna de Rinconada', 7799, 0),
(7803, 7803, 'category', 'Comuna de San Esteban', 7799, 0),
(7804, 7804, 'category', 'Provincia de Petorca', 7788, 0),
(7805, 7805, 'category', 'Comuna de La Ligua', 7804, 0),
(7806, 7806, 'category', 'Comuna de Cabildo', 7804, 0),
(7807, 7807, 'category', 'Comuna de Papudo', 7804, 0),
(7808, 7808, 'category', 'Comuna de Petorca', 7804, 0),
(7809, 7809, 'category', 'Comuna de Zapallar', 7804, 0),
(7810, 7810, 'category', 'Provincia de Quillota', 7788, 0),
(7811, 7811, 'category', 'Comuna de Quillota', 7810, 0),
(7812, 7812, 'category', 'Comuna de La Calera', 7810, 0),
(7813, 7813, 'category', 'Comuna de Hijuelas', 7810, 0),
(7814, 7814, 'category', 'Comuna de La Cruz', 7810, 0),
(7815, 7815, 'category', 'Comuna de Nogales', 7810, 0),
(7816, 7816, 'category', 'Provincia de San Antonio', 7788, 0),
(7817, 7817, 'category', 'Comuna de San Antonio', 7816, 0),
(7818, 7818, 'category', 'Comuna de Algarrobo', 7816, 0),
(7819, 7819, 'category', 'Comuna de Cartagena', 7816, 0),
(7820, 7820, 'category', 'Comuna de El Quisco', 7816, 0),
(7821, 7821, 'category', 'Comuna de El Tabo', 7816, 0),
(7822, 7822, 'category', 'Comuna de Santo Domingo', 7816, 0),
(7823, 7823, 'category', 'Provincia de San Felipe de Aconcagua', 7788, 0),
(7824, 7824, 'category', 'Comuna de San Felipe', 7823, 0),
(7825, 7825, 'category', 'Comuna de Catemu', 7823, 0),
(7826, 7826, 'category', 'Comuna de Llay Llay', 7823, 0),
(7827, 7827, 'category', 'Comuna de Panquehue', 7823, 0),
(7828, 7828, 'category', 'Comuna de Putaendo', 7823, 0),
(7829, 7829, 'category', 'Comuna de Santa María', 7823, 0),
(7830, 7830, 'category', 'Provincia de Marga Marga', 7788, 0),
(7831, 7831, 'category', 'Comuna de Quilpué', 7830, 0),
(7832, 7832, 'category', 'Comuna de Limache', 7830, 0),
(7833, 7833, 'category', 'Comuna de Olmué', 7830, 0),
(7834, 7834, 'category', 'Comuna de Villa Alemana', 7830, 0),
(7835, 7835, 'category', 'Región de Región del Libertador Gral. Bernardo O’Higgins', 0, 0),
(7836, 7836, 'category', 'Provincia de Cachapoal', 7835, 0),
(7837, 7837, 'category', 'Comuna de Rancagua', 7836, 0),
(7838, 7838, 'category', 'Comuna de Codegua', 7836, 0),
(7839, 7839, 'category', 'Comuna de Coinco', 7836, 0),
(7840, 7840, 'category', 'Comuna de Coltauco', 7836, 0),
(7841, 7841, 'category', 'Comuna de Doñihue', 7836, 0),
(7842, 7842, 'category', 'Comuna de Graneros', 7836, 0),
(7843, 7843, 'category', 'Comuna de Las Cabras', 7836, 0),
(7844, 7844, 'category', 'Comuna de Machalí', 7836, 0),
(7845, 7845, 'category', 'Comuna de Malloa', 7836, 0),
(7846, 7846, 'category', 'Comuna de Mostazal', 7836, 0),
(7847, 7847, 'category', 'Comuna de Olivar', 7836, 0),
(7848, 7848, 'category', 'Comuna de Peumo', 7836, 0),
(7849, 7849, 'category', 'Comuna de Pichidegua', 7836, 0),
(7850, 7850, 'category', 'Comuna de Quinta de Tilcoco', 7836, 0),
(7851, 7851, 'category', 'Comuna de Rengo', 7836, 0),
(7852, 7852, 'category', 'Comuna de Requínoa', 7836, 0),
(7853, 7853, 'category', 'Comuna de San Vicente', 7836, 0),
(7854, 7854, 'category', 'Provincia de Cardenal Caro', 7835, 0),
(7855, 7855, 'category', 'Comuna de Pichilemu', 7854, 0),
(7856, 7856, 'category', 'Comuna de La Estrella', 7854, 0),
(7857, 7857, 'category', 'Comuna de Litueche', 7854, 0),
(7858, 7858, 'category', 'Comuna de Marchihue', 7854, 0),
(7859, 7859, 'category', 'Comuna de Navidad', 7854, 0),
(7860, 7860, 'category', 'Comuna de Paredones', 7854, 0),
(7861, 7861, 'category', 'Provincia de Colchagua', 7835, 0),
(7862, 7862, 'category', 'Comuna de San Fernando', 7861, 0),
(7863, 7863, 'category', 'Comuna de Chépica', 7861, 0),
(7864, 7864, 'category', 'Comuna de Chimbarongo', 7861, 0),
(7865, 7865, 'category', 'Comuna de Lolol', 7861, 0),
(7866, 7866, 'category', 'Comuna de Nancagua', 7861, 0),
(7867, 7867, 'category', 'Comuna de Palmilla', 7861, 0),
(7868, 7868, 'category', 'Comuna de Peralillo', 7861, 0),
(7869, 7869, 'category', 'Comuna de Placilla', 7861, 0),
(7870, 7870, 'category', 'Comuna de Pumanque', 7861, 0),
(7871, 7871, 'category', 'Comuna de Santa Cruz', 7861, 0),
(7872, 7872, 'category', 'Región de Región del Maule', 0, 0),
(7873, 7873, 'category', 'Provincia de Talca', 7872, 0),
(7874, 7874, 'category', 'Comuna de Talca', 7873, 0),
(7875, 7875, 'category', 'Comuna de Constitución', 7873, 0),
(7876, 7876, 'category', 'Comuna de Curepto', 7873, 0),
(7877, 7877, 'category', 'Comuna de Empedrado', 7873, 0),
(7878, 7878, 'category', 'Comuna de Maule', 7873, 0),
(7879, 7879, 'category', 'Comuna de Pelarco', 7873, 0),
(7880, 7880, 'category', 'Comuna de Pencahue', 7873, 0),
(7881, 7881, 'category', 'Comuna de Río Claro', 7873, 0),
(7882, 7882, 'category', 'Comuna de San Clemente', 7873, 0),
(7883, 7883, 'category', 'Comuna de San Rafael', 7873, 0),
(7884, 7884, 'category', 'Provincia de Cauquenes', 7872, 0),
(7885, 7885, 'category', 'Comuna de Cauquenes', 7884, 0),
(7886, 7886, 'category', 'Comuna de Chanco', 7884, 0),
(7887, 7887, 'category', 'Comuna de Pelluhue', 7884, 0),
(7888, 7888, 'category', 'Provincia de Curicó', 7872, 0),
(7889, 7889, 'category', 'Comuna de Curicó', 7888, 0),
(7890, 7890, 'category', 'Comuna de Hualañé', 7888, 0),
(7891, 7891, 'category', 'Comuna de Licantén', 7888, 0),
(7892, 7892, 'category', 'Comuna de Molina', 7888, 0),
(7893, 7893, 'category', 'Comuna de Rauco', 7888, 0),
(7894, 7894, 'category', 'Comuna de Romeral', 7888, 0),
(7895, 7895, 'category', 'Comuna de Sagrada Familia', 7888, 0),
(7896, 7896, 'category', 'Comuna de Teno', 7888, 0),
(7897, 7897, 'category', 'Comuna de Vichuquén', 7888, 0),
(7898, 7898, 'category', 'Provincia de Linares', 7872, 0),
(7899, 7899, 'category', 'Comuna de Linares', 7898, 0),
(7900, 7900, 'category', 'Comuna de Colbún', 7898, 0),
(7901, 7901, 'category', 'Comuna de Longaví', 7898, 0),
(7902, 7902, 'category', 'Comuna de Parral', 7898, 0),
(7903, 7903, 'category', 'Comuna de Retiro', 7898, 0),
(7904, 7904, 'category', 'Comuna de San Javier', 7898, 0),
(7905, 7905, 'category', 'Comuna de Villa Alegre', 7898, 0),
(7906, 7906, 'category', 'Comuna de Yerbas Buenas', 7898, 0),
(7907, 7907, 'category', 'Región de Región del Biobío', 0, 0),
(7908, 7908, 'category', 'Provincia de Concepción', 7907, 0),
(7909, 7909, 'category', 'Comuna de Concepción', 7908, 0),
(7910, 7910, 'category', 'Comuna de Coronel', 7908, 0),
(7911, 7911, 'category', 'Comuna de Chiguayante', 7908, 0),
(7912, 7912, 'category', 'Comuna de Florida', 7908, 0),
(7913, 7913, 'category', 'Comuna de Hualqui', 7908, 0),
(7914, 7914, 'category', 'Comuna de Lota', 7908, 0),
(7915, 7915, 'category', 'Comuna de Penco', 7908, 0),
(7916, 7916, 'category', 'Comuna de San Pedro de la Paz', 7908, 0),
(7917, 7917, 'category', 'Comuna de Santa Juana', 7908, 0),
(7918, 7918, 'category', 'Comuna de Talcahuano', 7908, 0),
(7919, 7919, 'category', 'Comuna de Tomé', 7908, 0),
(7920, 7920, 'category', 'Comuna de Hualpén', 7908, 0),
(7921, 7921, 'category', 'Provincia de Arauco', 7907, 0),
(7922, 7922, 'category', 'Comuna de Lebu', 7921, 0),
(7923, 7923, 'category', 'Comuna de Arauco', 7921, 0),
(7924, 7924, 'category', 'Comuna de Cañete', 7921, 0),
(7925, 7925, 'category', 'Comuna de Contulmo', 7921, 0),
(7926, 7926, 'category', 'Comuna de Curanilahue', 7921, 0),
(7927, 7927, 'category', 'Comuna de Los Álamos', 7921, 0),
(7928, 7928, 'category', 'Comuna de Tirúa', 7921, 0),
(7929, 7929, 'category', 'Provincia de Biobío', 7907, 0),
(7930, 7930, 'category', 'Comuna de Los Ángeles', 7929, 0),
(7931, 7931, 'category', 'Comuna de Antuco', 7929, 0),
(7932, 7932, 'category', 'Comuna de Cabrero', 7929, 0),
(7933, 7933, 'category', 'Comuna de Laja', 7929, 0),
(7934, 7934, 'category', 'Comuna de Mulchén', 7929, 0),
(7935, 7935, 'category', 'Comuna de Nacimiento', 7929, 0),
(7936, 7936, 'category', 'Comuna de Negrete', 7929, 0),
(7937, 7937, 'category', 'Comuna de Quilaco', 7929, 0),
(7938, 7938, 'category', 'Comuna de Quilleco', 7929, 0),
(7939, 7939, 'category', 'Comuna de San Rosendo', 7929, 0),
(7940, 7940, 'category', 'Comuna de Santa Bárbara', 7929, 0),
(7941, 7941, 'category', 'Comuna de Tucapel', 7929, 0),
(7942, 7942, 'category', 'Comuna de Yumbel', 7929, 0),
(7943, 7943, 'category', 'Comuna de Alto Biobío', 7929, 0),
(7944, 7944, 'category', 'Provincia de Ñuble', 7907, 0),
(7945, 7945, 'category', 'Comuna de Chillán', 7944, 0),
(7946, 7946, 'category', 'Comuna de Bulnes', 7944, 0),
(7947, 7947, 'category', 'Comuna de Cobquecura', 7944, 0),
(7948, 7948, 'category', 'Comuna de Coelemu', 7944, 0),
(7949, 7949, 'category', 'Comuna de Coihueco', 7944, 0),
(7950, 7950, 'category', 'Comuna de Chillán Viejo', 7944, 0),
(7951, 7951, 'category', 'Comuna de El Carmen', 7944, 0),
(7952, 7952, 'category', 'Comuna de Ninhue', 7944, 0),
(7953, 7953, 'category', 'Comuna de Ñiquén', 7944, 0),
(7954, 7954, 'category', 'Comuna de Pemuco', 7944, 0),
(7955, 7955, 'category', 'Comuna de Pinto', 7944, 0),
(7956, 7956, 'category', 'Comuna de Portezuelo', 7944, 0),
(7957, 7957, 'category', 'Comuna de Quillón', 7944, 0),
(7958, 7958, 'category', 'Comuna de Quirihue', 7944, 0),
(7959, 7959, 'category', 'Comuna de Ránquil', 7944, 0),
(7960, 7960, 'category', 'Comuna de San Carlos', 7944, 0),
(7961, 7961, 'category', 'Comuna de San Fabián', 7944, 0),
(7962, 7962, 'category', 'Comuna de San Ignacio', 7944, 0),
(7963, 7963, 'category', 'Comuna de San Nicolás', 7944, 0),
(7964, 7964, 'category', 'Comuna de Treguaco', 7944, 0),
(7965, 7965, 'category', 'Comuna de Yungay', 7944, 0),
(7966, 7966, 'category', 'Región de Región de la Araucanía', 0, 0),
(7967, 7967, 'category', 'Provincia de Cautín', 7966, 0),
(7968, 7968, 'category', 'Comuna de Temuco', 7967, 0),
(7969, 7969, 'category', 'Comuna de Carahue', 7967, 0),
(7970, 7970, 'category', 'Comuna de Cunco', 7967, 0),
(7971, 7971, 'category', 'Comuna de Curarrehue', 7967, 0),
(7972, 7972, 'category', 'Comuna de Freire', 7967, 0),
(7973, 7973, 'category', 'Comuna de Galvarino', 7967, 0),
(7974, 7974, 'category', 'Comuna de Gorbea', 7967, 0),
(7975, 7975, 'category', 'Comuna de Lautaro', 7967, 0),
(7976, 7976, 'category', 'Comuna de Loncoche', 7967, 0),
(7977, 7977, 'category', 'Comuna de Melipeuco', 7967, 0),
(7978, 7978, 'category', 'Comuna de Nueva Imperial', 7967, 0),
(7979, 7979, 'category', 'Comuna de Padre las Casas', 7967, 0),
(7980, 7980, 'category', 'Comuna de Perquenco', 7967, 0),
(7981, 7981, 'category', 'Comuna de Pitrufquén', 7967, 0),
(7982, 7982, 'category', 'Comuna de Pucón', 7967, 0),
(7983, 7983, 'category', 'Comuna de Saavedra', 7967, 0),
(7984, 7984, 'category', 'Comuna de Teodoro Schmidt', 7967, 0),
(7985, 7985, 'category', 'Comuna de Toltén', 7967, 0),
(7986, 7986, 'category', 'Comuna de Vilcún', 7967, 0),
(7987, 7987, 'category', 'Comuna de Villarrica', 7967, 0),
(7988, 7988, 'category', 'Comuna de Cholchol', 7967, 0),
(7989, 7989, 'category', 'Provincia de Malleco', 7966, 0),
(7990, 7990, 'category', 'Comuna de Angol', 7989, 0),
(7991, 7991, 'category', 'Comuna de Collipulli', 7989, 0),
(7992, 7992, 'category', 'Comuna de Curacautín', 7989, 0),
(7993, 7993, 'category', 'Comuna de Ercilla', 7989, 0),
(7994, 7994, 'category', 'Comuna de Lonquimay', 7989, 0),
(7995, 7995, 'category', 'Comuna de Los Sauces', 7989, 0),
(7996, 7996, 'category', 'Comuna de Lumaco', 7989, 0),
(7997, 7997, 'category', 'Comuna de Purén', 7989, 0),
(7998, 7998, 'category', 'Comuna de Renaico', 7989, 0),
(7999, 7999, 'category', 'Comuna de Traiguén', 7989, 0),
(8000, 8000, 'category', 'Comuna de Victoria', 7989, 0),
(8001, 8001, 'category', 'Región de Región de Los Lagos', 0, 0),
(8002, 8002, 'category', 'Provincia de Llanquihue', 8001, 0),
(8003, 8003, 'category', 'Comuna de Puerto Montt', 8002, 0),
(8004, 8004, 'category', 'Comuna de Calbuco', 8002, 0),
(8005, 8005, 'category', 'Comuna de Cochamó', 8002, 0),
(8006, 8006, 'category', 'Comuna de Fresia', 8002, 0),
(8007, 8007, 'category', 'Comuna de Frutillar', 8002, 0),
(8008, 8008, 'category', 'Comuna de Los Muermos', 8002, 0),
(8009, 8009, 'category', 'Comuna de Llanquihue', 8002, 0),
(8010, 8010, 'category', 'Comuna de Maullín', 8002, 0),
(8011, 8011, 'category', 'Comuna de Puerto Varas', 8002, 0),
(8012, 8012, 'category', 'Provincia de Chiloé', 8001, 0),
(8013, 8013, 'category', 'Comuna de Castro', 8012, 0),
(8014, 8014, 'category', 'Comuna de Ancud', 8012, 0),
(8015, 8015, 'category', 'Comuna de Chonchi', 8012, 0),
(8016, 8016, 'category', 'Comuna de Curaco de Vélez', 8012, 0),
(8017, 8017, 'category', 'Comuna de Dalcahue', 8012, 0),
(8018, 8018, 'category', 'Comuna de Puqueldón', 8012, 0),
(8019, 8019, 'category', 'Comuna de Queilén', 8012, 0),
(8020, 8020, 'category', 'Comuna de Quellón', 8012, 0),
(8021, 8021, 'category', 'Comuna de Quemchi', 8012, 0),
(8022, 8022, 'category', 'Comuna de Quinchao', 8012, 0),
(8023, 8023, 'category', 'Provincia de Osorno', 8001, 0),
(8024, 8024, 'category', 'Comuna de Osorno', 8023, 0),
(8025, 8025, 'category', 'Comuna de Puerto Octay', 8023, 0),
(8026, 8026, 'category', 'Comuna de Purranque', 8023, 0),
(8027, 8027, 'category', 'Comuna de Puyehue', 8023, 0),
(8028, 8028, 'category', 'Comuna de Río Negro', 8023, 0),
(8029, 8029, 'category', 'Comuna de San Juan de la Costa', 8023, 0),
(8030, 8030, 'category', 'Comuna de San Pablo', 8023, 0),
(8031, 8031, 'category', 'Provincia de Palena', 8001, 0),
(8032, 8032, 'category', 'Comuna de Chaitén', 8031, 0),
(8033, 8033, 'category', 'Comuna de Futaleufú', 8031, 0),
(8034, 8034, 'category', 'Comuna de Hualaihué', 8031, 0),
(8035, 8035, 'category', 'Comuna de Palena', 8031, 0),
(8036, 8036, 'category', 'Región de Región Aisén del Gral. Carlos Ibáñez del Campo', 0, 0),
(8037, 8037, 'category', 'Provincia de Coihaique', 8036, 0),
(8038, 8038, 'category', 'Comuna de Coyhaique', 8037, 0),
(8039, 8039, 'category', 'Comuna de Lago Verde', 8037, 0),
(8040, 8040, 'category', 'Provincia de Aisén', 8036, 0),
(8041, 8041, 'category', 'Comuna de Aysén', 8040, 0),
(8042, 8042, 'category', 'Comuna de Cisnes', 8040, 0),
(8043, 8043, 'category', 'Comuna de Guaitecas', 8040, 0),
(8044, 8044, 'category', 'Provincia de Capitán Prat', 8036, 0),
(8045, 8045, 'category', 'Comuna de Cochrane', 8044, 0),
(8046, 8046, 'category', 'Comuna de O''Higgins', 8044, 0),
(8047, 8047, 'category', 'Comuna de Tortel', 8044, 0),
(8048, 8048, 'category', 'Provincia de General Carrera', 8036, 0),
(8049, 8049, 'category', 'Comuna de Chile Chico', 8048, 0),
(8050, 8050, 'category', 'Comuna de Río Ibáñez', 8048, 0),
(8051, 8051, 'category', 'Región de Región de Magallanes y de la Antártica Chilena', 0, 0),
(8052, 8052, 'category', 'Provincia de Magallanes', 8051, 0),
(8053, 8053, 'category', 'Comuna de Punta Arenas', 8052, 0),
(8054, 8054, 'category', 'Comuna de Laguna Blanca', 8052, 0),
(8055, 8055, 'category', 'Comuna de Río Verde', 8052, 0),
(8056, 8056, 'category', 'Comuna de San Gregorio', 8052, 0),
(8057, 8057, 'category', 'Provincia de Antártica Chilena', 8051, 0),
(8058, 8058, 'category', 'Comuna de Cabo de Hornos', 8057, 0),
(8059, 8059, 'category', 'Comuna de Antártica', 8057, 0),
(8060, 8060, 'category', 'Provincia de Tierra del Fuego', 8051, 0),
(8061, 8061, 'category', 'Comuna de Porvenir', 8060, 0),
(8062, 8062, 'category', 'Comuna de Primavera', 8060, 0),
(8063, 8063, 'category', 'Comuna de Timaukel', 8060, 0),
(8064, 8064, 'category', 'Provincia de Última Esperanza', 8051, 0),
(8065, 8065, 'category', 'Comuna de Natales', 8064, 0),
(8066, 8066, 'category', 'Comuna de Torres del Paine', 8064, 0),
(8067, 8067, 'category', 'Región de Región Metropolitana de Santiago', 0, 0),
(8068, 8068, 'category', 'Provincia de Santiago', 8067, 0),
(8069, 8069, 'category', 'Comuna de Santiago', 8068, 0),
(8070, 8070, 'category', 'Comuna de Cerrillos', 8068, 0),
(8071, 8071, 'category', 'Comuna de Cerro Navia', 8068, 0),
(8072, 8072, 'category', 'Comuna de Conchalí', 8068, 0),
(8073, 8073, 'category', 'Comuna de El Bosque', 8068, 0),
(8074, 8074, 'category', 'Comuna de Estación Central', 8068, 0),
(8075, 8075, 'category', 'Comuna de Huechuraba', 8068, 0),
(8076, 8076, 'category', 'Comuna de Independencia', 8068, 0),
(8077, 8077, 'category', 'Comuna de La Cisterna', 8068, 0),
(8078, 8078, 'category', 'Comuna de La Florida', 8068, 0),
(8079, 8079, 'category', 'Comuna de La Granja', 8068, 0),
(8080, 8080, 'category', 'Comuna de La Pintana', 8068, 0),
(8081, 8081, 'category', 'Comuna de La Reina', 8068, 0),
(8082, 8082, 'category', 'Comuna de Las Condes', 8068, 0),
(8083, 8083, 'category', 'Comuna de Lo Barnechea', 8068, 0),
(8084, 8084, 'category', 'Comuna de Lo Espejo', 8068, 0),
(8085, 8085, 'category', 'Comuna de Lo Prado', 8068, 0),
(8086, 8086, 'category', 'Comuna de Macul', 8068, 0),
(8087, 8087, 'category', 'Comuna de Maipú', 8068, 0),
(8088, 8088, 'category', 'Comuna de Ñuñoa', 8068, 0),
(8089, 8089, 'category', 'Comuna de Pedro Aguirre Cerda', 8068, 0),
(8090, 8090, 'category', 'Comuna de Peñalolén', 8068, 0),
(8091, 8091, 'category', 'Comuna de Providencia', 8068, 0),
(8092, 8092, 'category', 'Comuna de Pudahuel', 8068, 0),
(8093, 8093, 'category', 'Comuna de Quilicura', 8068, 0),
(8094, 8094, 'category', 'Comuna de Quinta Normal', 8068, 0),
(8095, 8095, 'category', 'Comuna de Recoleta', 8068, 0),
(8096, 8096, 'category', 'Comuna de Renca', 8068, 0),
(8097, 8097, 'category', 'Comuna de San Joaquín', 8068, 0),
(8098, 8098, 'category', 'Comuna de San Miguel', 8068, 0),
(8099, 8099, 'category', 'Comuna de San Ramón', 8068, 0),
(8100, 8100, 'category', 'Comuna de Vitacura', 8068, 0),
(8101, 8101, 'category', 'Provincia de Cordillera', 8067, 0),
(8102, 8102, 'category', 'Comuna de Puente Alto', 8101, 0),
(8103, 8103, 'category', 'Comuna de Pirque', 8101, 0),
(8104, 8104, 'category', 'Comuna de San José de Maipo', 8101, 0),
(8105, 8105, 'category', 'Provincia de Chacabuco', 8067, 0),
(8106, 8106, 'category', 'Comuna de Colina', 8105, 0),
(8107, 8107, 'category', 'Comuna de Lampa', 8105, 0),
(8108, 8108, 'category', 'Comuna de Tiltil', 8105, 0),
(8109, 8109, 'category', 'Provincia de Maipo', 8067, 0),
(8110, 8110, 'category', 'Comuna de San Bernardo', 8109, 0),
(8111, 8111, 'category', 'Comuna de Buin', 8109, 0),
(8112, 8112, 'category', 'Comuna de Calera de Tango', 8109, 0),
(8113, 8113, 'category', 'Comuna de Paine', 8109, 0),
(8114, 8114, 'category', 'Provincia de Melipilla', 8067, 0),
(8115, 8115, 'category', 'Comuna de Melipilla', 8114, 0),
(8116, 8116, 'category', 'Comuna de Alhué', 8114, 0),
(8117, 8117, 'category', 'Comuna de Curacaví', 8114, 0),
(8118, 8118, 'category', 'Comuna de María Pinto', 8114, 0),
(8119, 8119, 'category', 'Comuna de San Pedro', 8114, 0),
(8120, 8120, 'category', 'Provincia de Talagante', 8067, 0),
(8121, 8121, 'category', 'Comuna de Talagante', 8120, 0),
(8122, 8122, 'category', 'Comuna de El Monte', 8120, 0),
(8123, 8123, 'category', 'Comuna de Isla de Maipo', 8120, 0),
(8124, 8124, 'category', 'Comuna de Padre Hurtado', 8120, 0),
(8125, 8125, 'category', 'Comuna de Peñaflor', 8120, 0),
(8126, 8126, 'category', 'Región de Región de Los Ríos', 0, 0),
(8127, 8127, 'category', 'Provincia de Valdivia', 8126, 0),
(8128, 8128, 'category', 'Comuna de Valdivia', 8127, 0),
(8129, 8129, 'category', 'Comuna de Corral', 8127, 0),
(8130, 8130, 'category', 'Comuna de Lanco', 8127, 0),
(8131, 8131, 'category', 'Comuna de Los Lagos', 8127, 0),
(8132, 8132, 'category', 'Comuna de Máfil', 8127, 0),
(8133, 8133, 'category', 'Comuna de Mariquina', 8127, 0),
(8134, 8134, 'category', 'Comuna de Paillaco', 8127, 0),
(8135, 8135, 'category', 'Comuna de Panguipulli', 8127, 0),
(8136, 8136, 'category', 'Provincia de Ranco', 8126, 0),
(8137, 8137, 'category', 'Comuna de La Unión', 8136, 0),
(8138, 8138, 'category', 'Comuna de Futrono', 8136, 0),
(8139, 8139, 'category', 'Comuna de Lago Ranco', 8136, 0),
(8140, 8140, 'category', 'Comuna de Río Bueno', 8136, 0),
(8141, 8141, 'category', 'Región de Arica y Parinacota', 0, 0),
(8142, 8142, 'category', 'Provincia de Arica', 8141, 0),
(8143, 8143, 'category', 'Comuna de Arica', 8142, 0),
(8144, 8144, 'category', 'Comuna de Camarones', 8142, 0),
(8145, 8145, 'category', 'Provincia de Parinacota', 8141, 0),
(8146, 8146, 'category', 'Comuna de Putre', 8145, 0),
(8147, 8147, 'category', 'Comuna de General Lagos', 8145, 0);

--
-- Indexes for dumped tables
--

--
-- Indexes for table `wp_termmeta`
--
ALTER TABLE `wp_termmeta`
  ADD PRIMARY KEY (`meta_id`),
  ADD KEY `term_id` (`term_id`),
  ADD KEY `meta_key` (`meta_key`(191));

--
-- Indexes for table `wp_terms`
--
ALTER TABLE `wp_terms`
  ADD PRIMARY KEY (`term_id`),
  ADD KEY `slug` (`slug`(191)),
  ADD KEY `name` (`name`(191));

--
-- Indexes for table `wp_term_relationships`
--
ALTER TABLE `wp_term_relationships`
  ADD PRIMARY KEY (`object_id`,`term_taxonomy_id`),
  ADD KEY `term_taxonomy_id` (`term_taxonomy_id`);

--
-- Indexes for table `wp_term_taxonomy`
--
ALTER TABLE `wp_term_taxonomy`
  ADD PRIMARY KEY (`term_taxonomy_id`),
  ADD UNIQUE KEY `term_id_taxonomy` (`term_id`,`taxonomy`),
  ADD KEY `taxonomy` (`taxonomy`);

--
-- AUTO_INCREMENT for dumped tables
--

--
-- AUTO_INCREMENT for table `wp_termmeta`
--
ALTER TABLE `wp_termmeta`
  MODIFY `meta_id` bigint(20) UNSIGNED NOT NULL AUTO_INCREMENT;
--
-- AUTO_INCREMENT for table `wp_terms`
--
ALTER TABLE `wp_terms`
  MODIFY `term_id` bigint(20) UNSIGNED NOT NULL AUTO_INCREMENT, AUTO_INCREMENT=8148;
--
-- AUTO_INCREMENT for table `wp_term_taxonomy`
--
ALTER TABLE `wp_term_taxonomy`
  MODIFY `term_taxonomy_id` bigint(20) UNSIGNED NOT NULL AUTO_INCREMENT, AUTO_INCREMENT=8148;
/*!40101 SET CHARACTER_SET_CLIENT=@OLD_CHARACTER_SET_CLIENT */;
/*!40101 SET CHARACTER_SET_RESULTS=@OLD_CHARACTER_SET_RESULTS */;
/*!40101 SET COLLATION_CONNECTION=@OLD_COLLATION_CONNECTION */;
